<?xml version="1.0" encoding="UTF-8"?>
<GenRun Id="impl_1" LaunchPart="xc7a35tcpg236-1" LaunchTime="1615933870">
  <File Type="BITSTR-BMM" Name="crp_arck_wrapper_bd.bmm"/>
  <File Type="OPT-METHODOLOGY-DRC" Name="crp_arck_wrapper_methodology_drc_opted.rpt"/>
  <File Type="INIT-TIMING" Name="crp_arck_wrapper_timing_summary_init.rpt"/>
  <File Type="ROUTE-PWR" Name="crp_arck_wrapper_power_routed.rpt"/>
  <File Type="PA-TCL" Name="crp_arck_wrapper.tcl"/>
  <File Type="OPT-TIMING" Name="crp_arck_wrapper_timing_summary_opted.rpt"/>
  <File Type="OPT-DCP" Name="crp_arck_wrapper_opt.dcp"/>
  <File Type="ROUTE-PWR-SUM" Name="crp_arck_wrapper_power_summary_routed.pb"/>
  <File Type="REPORTS-TCL" Name="crp_arck_wrapper_reports.tcl"/>
  <File Type="OPT-DRC" Name="crp_arck_wrapper_drc_opted.rpt"/>
  <File Type="OPT-HWDEF" Name="crp_arck_wrapper.hwdef"/>
  <File Type="PWROPT-DCP" Name="crp_arck_wrapper_pwropt.dcp"/>
  <File Type="PWROPT-DRC" Name="crp_arck_wrapper_drc_pwropted.rpt"/>
  <File Type="PWROPT-TIMING" Name="crp_arck_wrapper_timing_summary_pwropted.rpt"/>
  <File Type="PLACE-DCP" Name="crp_arck_wrapper_placed.dcp"/>
  <File Type="PLACE-IO" Name="crp_arck_wrapper_io_placed.rpt"/>
  <File Type="PLACE-CLK" Name="crp_arck_wrapper_clock_utilization_placed.rpt"/>
  <File Type="PLACE-UTIL" Name="crp_arck_wrapper_utilization_placed.rpt"/>
  <File Type="PLACE-UTIL-PB" Name="crp_arck_wrapper_utilization_placed.pb"/>
  <File Type="PLACE-CTRL" Name="crp_arck_wrapper_control_sets_placed.rpt"/>
  <File Type="PLACE-SIMILARITY" Name="crp_arck_wrapper_incremental_reuse_placed.rpt"/>
  <File Type="PLACE-PRE-SIMILARITY" Name="crp_arck_wrapper_incremental_reuse_pre_placed.rpt"/>
  <File Type="PLACE-TIMING" Name="crp_arck_wrapper_timing_summary_placed.rpt"/>
  <File Type="POSTPLACE-PWROPT-DCP" Name="crp_arck_wrapper_postplace_pwropt.dcp"/>
  <File Type="BG-BIN" Name="crp_arck_wrapper.bin"/>
  <File Type="POSTPLACE-PWROPT-TIMING" Name="crp_arck_wrapper_timing_summary_postplace_pwropted.rpt"/>
  <File Type="PHYSOPT-DCP" Name="crp_arck_wrapper_physopt.dcp"/>
  <File Type="PHYSOPT-DRC" Name="crp_arck_wrapper_drc_physopted.rpt"/>
  <File Type="BITSTR-MSK" Name="crp_arck_wrapper.msk"/>
  <File Type="PHYSOPT-TIMING" Name="crp_arck_wrapper_timing_summary_physopted.rpt"/>
  <File Type="ROUTE-ERROR-DCP" Name="crp_arck_wrapper_routed_error.dcp"/>
  <File Type="ROUTE-DCP" Name="crp_arck_wrapper_routed.dcp"/>
  <File Type="ROUTE-BLACKBOX-DCP" Name="crp_arck_wrapper_routed_bb.dcp"/>
  <File Type="ROUTE-DRC" Name="crp_arck_wrapper_drc_routed.rpt"/>
  <File Type="ROUTE-DRC-PB" Name="crp_arck_wrapper_drc_routed.pb"/>
  <File Type="ROUTE-DRC-RPX" Name="crp_arck_wrapper_drc_routed.rpx"/>
  <File Type="BITSTR-MMI" Name="crp_arck_wrapper.mmi"/>
  <File Type="ROUTE-METHODOLOGY-DRC" Name="crp_arck_wrapper_methodology_drc_routed.rpt"/>
  <File Type="ROUTE-METHODOLOGY-DRC-RPX" Name="crp_arck_wrapper_methodology_drc_routed.rpx"/>
  <File Type="ROUTE-METHODOLOGY-DRC-PB" Name="crp_arck_wrapper_methodology_drc_routed.pb"/>
  <File Type="ROUTE-PWR-RPX" Name="crp_arck_wrapper_power_routed.rpx"/>
  <File Type="ROUTE-STATUS" Name="crp_arck_wrapper_route_status.rpt"/>
  <File Type="ROUTE-STATUS-PB" Name="crp_arck_wrapper_route_status.pb"/>
  <File Type="ROUTE-TIMINGSUMMARY" Name="crp_arck_wrapper_timing_summary_routed.rpt"/>
  <File Type="ROUTE-TIMING-PB" Name="crp_arck_wrapper_timing_summary_routed.pb"/>
  <File Type="ROUTE-TIMING-RPX" Name="crp_arck_wrapper_timing_summary_routed.rpx"/>
  <File Type="ROUTE-SIMILARITY" Name="crp_arck_wrapper_incremental_reuse_routed.rpt"/>
  <File Type="ROUTE-CLK" Name="crp_arck_wrapper_clock_utilization_routed.rpt"/>
  <File Type="ROUTE-BUS-SKEW" Name="crp_arck_wrapper_bus_skew_routed.rpt"/>
  <File Type="ROUTE-BUS-SKEW-PB" Name="crp_arck_wrapper_bus_skew_routed.pb"/>
  <File Type="ROUTE-BUS-SKEW-RPX" Name="crp_arck_wrapper_bus_skew_routed.rpx"/>
  <File Type="POSTROUTE-PHYSOPT-DCP" Name="crp_arck_wrapper_postroute_physopt.dcp"/>
  <File Type="POSTROUTE-PHYSOPT-BLACKBOX-DCP" Name="crp_arck_wrapper_postroute_physopt_bb.dcp"/>
  <File Type="POSTROUTE-PHYSOPT-TIMING" Name="crp_arck_wrapper_timing_summary_postroute_physopted.rpt"/>
  <File Type="POSTROUTE-PHYSOPT-TIMING-PB" Name="crp_arck_wrapper_timing_summary_postroute_physopted.pb"/>
  <File Type="POSTROUTE-PHYSOPT-TIMING-RPX" Name="crp_arck_wrapper_timing_summary_postroute_physopted.rpx"/>
  <File Type="POSTROUTE-PHYSOPT-BUS-SKEW" Name="crp_arck_wrapper_bus_skew_postroute_physopted.rpt"/>
  <File Type="POSTROUTE-PHYSOPT-BUS-SKEW-PB" Name="crp_arck_wrapper_bus_skew_postroute_physopted.pb"/>
  <File Type="BG-BIT" Name="crp_arck_wrapper.bit"/>
  <File Type="POSTROUTE-PHYSOPT-BUS-SKEW-RPX" Name="crp_arck_wrapper_bus_skew_postroute_physopted.rpx"/>
  <File Type="BITSTR-RBT" Name="crp_arck_wrapper.rbt"/>
  <File Type="BITSTR-NKY" Name="crp_arck_wrapper.nky"/>
  <File Type="PDI-FILE" Name="crp_arck_wrapper.pdi"/>
  <File Type="RCFI_FILE" Name="crp_arck_wrapper.rcfi"/>
  <File Type="CFI_FILE" Name="crp_arck_wrapper.cfi"/>
  <File Type="RNPI_FILE" Name="crp_arck_wrapper.rnpi"/>
  <File Type="NPI_FILE" Name="crp_arck_wrapper.npi"/>
  <File Type="RBD_FILE" Name="crp_arck_wrapper.rbd"/>
  <File Type="BITSTR-LTX" Name="debug_nets.ltx"/>
  <File Type="BITSTR-LTX" Name="crp_arck_wrapper.ltx"/>
  <File Type="BITSTR-SYSDEF" Name="crp_arck_wrapper.sysdef"/>
  <File Type="BG-BGN" Name="crp_arck_wrapper.bgn"/>
  <File Type="BG-DRC" Name="crp_arck_wrapper.drc"/>
  <File Type="RDI-RDI" Name="crp_arck_wrapper.vdi"/>
  <File Type="WBT-USG" Name="usage_statistics_webtalk.html"/>
  <FileSet Name="sources" Type="DesignSrcs" RelSrcDir="$PSRCDIR/sources_1" RelGenDir="$PSRCDIR/sources_1">
    <Filter Type="Srcs"/>
    <File Path="G:/CRP/CRP_twocamera/cAndDH.vhd">
      <FileInfo>
        <Attr Name="UsedIn" Val="synthesis"/>
        <Attr Name="UsedIn" Val="simulation"/>
      </FileInfo>
    </File>
    <File Path="G:/CRP/CRP_twocamera/image_capture.vhd">
      <FileInfo>
        <Attr Name="UsedIn" Val="synthesis"/>
        <Attr Name="UsedIn" Val="simulation"/>
      </FileInfo>
    </File>
    <File Path="G:/CRP/CRP_twocamera/image_thresholding.vhd">
      <FileInfo>
        <Attr Name="UsedIn" Val="synthesis"/>
        <Attr Name="UsedIn" Val="simulation"/>
      </FileInfo>
    </File>
    <File Path="G:/CRP/CRP_twocamera/sync_mgr.vhd">
      <FileInfo>
        <Attr Name="UsedIn" Val="synthesis"/>
        <Attr Name="UsedIn" Val="simulation"/>
      </FileInfo>
    </File>
    <File Path="G:/CRP/CRP_twocamera/uartmgr.vhd">
      <FileInfo>
        <Attr Name="UsedIn" Val="synthesis"/>
        <Attr Name="UsedIn" Val="simulation"/>
      </FileInfo>
    </File>
    <File Path="G:/CRP/CRP_twocamera/uart_multiplexer.vhd">
      <FileInfo>
        <Attr Name="UsedIn" Val="synthesis"/>
        <Attr Name="UsedIn" Val="simulation"/>
      </FileInfo>
    </File>
    <File Path="G:/CRP/CRP_twocamera/camera_config_mgr.vhd">
      <FileInfo>
        <Attr Name="UsedIn" Val="synthesis"/>
        <Attr Name="UsedIn" Val="simulation"/>
      </FileInfo>
    </File>
    <File Path="G:/CRP/CRP_twocamera/fifo.vhd">
      <FileInfo>
        <Attr Name="UsedIn" Val="synthesis"/>
        <Attr Name="UsedIn" Val="simulation"/>
      </FileInfo>
    </File>
    <File Path="$PSRCDIR/sources_1/new/singlecam_reset_concat.vhd">
      <FileInfo>
        <Attr Name="UsedIn" Val="synthesis"/>
        <Attr Name="UsedIn" Val="simulation"/>
      </FileInfo>
    </File>
    <File Path="$PSRCDIR/sources_1/new/clk_div.vhd">
      <FileInfo>
        <Attr Name="UsedIn" Val="synthesis"/>
        <Attr Name="UsedIn" Val="simulation"/>
      </FileInfo>
    </File>
    <File Path="$PSRCDIR/sources_1/new/camera_pair_synchronizer.vhd">
      <FileInfo>
        <Attr Name="UsedIn" Val="synthesis"/>
        <Attr Name="UsedIn" Val="simulation"/>
      </FileInfo>
    </File>
    <File Path="$PSRCDIR/sources_1/new/command_splitter.vhd">
      <FileInfo>
        <Attr Name="UsedIn" Val="synthesis"/>
        <Attr Name="UsedIn" Val="simulation"/>
      </FileInfo>
    </File>
    <File Path="$PSRCDIR/sources_1/new/candDH_tx_combiner.vhd">
      <FileInfo>
        <Attr Name="UsedIn" Val="synthesis"/>
        <Attr Name="UsedIn" Val="simulation"/>
      </FileInfo>
    </File>
    <File Path="$PSRCDIR/sources_1/new/camera_constant_setter.vhd">
      <FileInfo>
        <Attr Name="UsedIn" Val="synthesis"/>
        <Attr Name="UsedIn" Val="simulation"/>
      </FileInfo>
    </File>
    <File Path="$PSRCDIR/sources_1/bd/crp_arck/crp_arck.bd">
      <FileInfo>
        <Attr Name="UsedIn" Val="synthesis"/>
        <Attr Name="UsedIn" Val="implementation"/>
        <Attr Name="UsedIn" Val="simulation"/>
      </FileInfo>
    </File>
    <File Path="$PSRCDIR/sources_1/bd/crp_arck/hdl/crp_arck_wrapper.v">
      <FileInfo>
        <Attr Name="UsedIn" Val="synthesis"/>
        <Attr Name="UsedIn" Val="implementation"/>
        <Attr Name="UsedIn" Val="simulation"/>
      </FileInfo>
    </File>
    <File Path="G:/CRP/CRP_twocamera/packet_sender.vhd">
      <FileInfo>
        <Attr Name="AutoDisabled" Val="1"/>
        <Attr Name="UsedIn" Val="synthesis"/>
        <Attr Name="UsedIn" Val="simulation"/>
      </FileInfo>
    </File>
    <File Path="G:/CRP/CRP_twocamera/camera_uart_splitter.vhd">
      <FileInfo>
        <Attr Name="AutoDisabled" Val="1"/>
        <Attr Name="UsedIn" Val="synthesis"/>
        <Attr Name="UsedIn" Val="simulation"/>
      </FileInfo>
    </File>
    <File Path="G:/CRP/CRP_twocamera/top.vhd">
      <FileInfo>
        <Attr Name="AutoDisabled" Val="1"/>
        <Attr Name="UsedIn" Val="synthesis"/>
        <Attr Name="UsedIn" Val="simulation"/>
      </FileInfo>
    </File>
    <File Path="G:/CRP/CRP_twocamera/camera_sim.vhd">
      <FileInfo>
        <Attr Name="AutoDisabled" Val="1"/>
        <Attr Name="UsedIn" Val="synthesis"/>
        <Attr Name="UsedIn" Val="simulation"/>
      </FileInfo>
    </File>
    <Config>
      <Option Name="DesignMode" Val="RTL"/>
      <Option Name="TopModule" Val="crp_arck_wrapper"/>
    </Config>
  </FileSet>
  <FileSet Name="constrs_in" Type="Constrs" RelSrcDir="$PSRCDIR/constrs_1">
    <Filter Type="Constrs"/>
    <File Path="G:/CRP/CRP_twocamera/constrs.xdc">
      <FileInfo>
        <Attr Name="UsedIn" Val="synthesis"/>
        <Attr Name="UsedIn" Val="implementation"/>
      </FileInfo>
    </File>
    <Config>
      <Option Name="ConstrsType" Val="XDC"/>
    </Config>
  </FileSet>
  <FileSet Name="utils" Type="Utils" RelSrcDir="$PSRCDIR/utils_1">
    <Filter Type="Utils"/>
    <Config>
      <Option Name="TopAutoSet" Val="TRUE"/>
    </Config>
  </FileSet>
  <Strategy Version="1" Minor="2">
    <StratHandle Name="Vivado Implementation Defaults" Flow="Vivado Implementation 2020"/>
    <Step Id="init_design"/>
    <Step Id="opt_design"/>
    <Step Id="power_opt_design"/>
    <Step Id="place_design"/>
    <Step Id="post_place_power_opt_design"/>
    <Step Id="phys_opt_design"/>
    <Step Id="route_design"/>
    <Step Id="post_route_phys_opt_design"/>
    <Step Id="write_bitstream"/>
  </Strategy>
  <BlockFileSet Type="BlockSrcs" Name="crp_arck_camera_config_mgr_0_0"/>
  <BlockFileSet Type="BlockSrcs" Name="crp_arck_uart_multiplexer_0_1"/>
  <BlockFileSet Type="BlockSrcs" Name="crp_arck_candDH_tx_combiner_0_0"/>
  <BlockFileSet Type="BlockSrcs" Name="crp_arck_camera_pair_synchron_0_0"/>
  <BlockFileSet Type="BlockSrcs" Name="crp_arck_image_thresholding_0_0"/>
  <BlockFileSet Type="BlockSrcs" Name="crp_arck_command_splitter_0_0"/>
  <BlockFileSet Type="BlockSrcs" Name="crp_arck_camera_constant_sett_0_0"/>
  <BlockFileSet Type="BlockSrcs" Name="crp_arck_image_capture_0_1"/>
  <BlockFileSet Type="BlockSrcs" Name="crp_arck_image_capture_0_0"/>
  <BlockFileSet Type="BlockSrcs" Name="crp_arck_singlecam_reset_conc_0_1"/>
  <BlockFileSet Type="BlockSrcs" Name="crp_arck_singlecam_reset_conc_0_0"/>
  <BlockFileSet Type="BlockSrcs" Name="crp_arck_uart_multiplexer_0_0"/>
  <BlockFileSet Type="BlockSrcs" Name="crp_arck_fifo_0_0"/>
  <BlockFileSet Type="BlockSrcs" Name="crp_arck_fifo_0_1"/>
  <BlockFileSet Type="BlockSrcs" Name="crp_arck_camera_config_mgr_0_1"/>
  <BlockFileSet Type="BlockSrcs" Name="crp_arck_cAndDH_0_0"/>
  <BlockFileSet Type="BlockSrcs" Name="crp_arck_camera_uart_0_0"/>
  <BlockFileSet Type="BlockSrcs" Name="crp_arck_uartmgr_0_0"/>
  <BlockFileSet Type="BlockSrcs" Name="crp_arck_uartmgr_1_0"/>
  <BlockFileSet Type="BlockSrcs" Name="crp_arck_image_thresholding_0_1"/>
  <BlockFileSet Type="BlockSrcs" Name="crp_arck_sync_mgr_1_1"/>
  <BlockFileSet Type="BlockSrcs" Name="crp_arck_sync_mgr_1_0"/>
  <BlockFileSet Type="BlockSrcs" Name="crp_arck_cAndDH_0_1"/>
  <BlockFileSet Type="BlockSrcs" Name="crp_arck_clk_div_0_0"/>
</GenRun>
