<?xml version="1.0" encoding="UTF-8"?>
<GenRun Id="synth_1" LaunchPart="xc7a35tcpg236-1" LaunchTime="1615933870">
  <File Type="PA-TCL" Name="crp_arck_wrapper.tcl"/>
  <File Type="RDS-PROPCONSTRS" Name="crp_arck_wrapper_drc_synth.rpt"/>
  <File Type="REPORTS-TCL" Name="crp_arck_wrapper_reports.tcl"/>
  <File Type="RDS-RDS" Name="crp_arck_wrapper.vds"/>
  <File Type="RDS-UTIL" Name="crp_arck_wrapper_utilization_synth.rpt"/>
  <File Type="RDS-UTIL-PB" Name="crp_arck_wrapper_utilization_synth.pb"/>
  <File Type="RDS-DCP" Name="crp_arck_wrapper.dcp"/>
  <File Type="VDS-TIMINGSUMMARY" Name="crp_arck_wrapper_timing_summary_synth.rpt"/>
  <File Type="VDS-TIMING-PB" Name="crp_arck_wrapper_timing_summary_synth.pb"/>
  <FileSet Name="sources" Type="DesignSrcs" RelSrcDir="$PSRCDIR/sources_1" RelGenDir="$PSRCDIR/sources_1">
    <Filter Type="Srcs"/>
    <File Path="G:/CRP/CRP_twocamera/cAndDH.vhd">
      <FileInfo>
        <Attr Name="UsedIn" Val="synthesis"/>
        <Attr Name="UsedIn" Val="simulation"/>
      </FileInfo>
    </File>
    <File Path="G:/CRP/CRP_twocamera/image_capture.vhd">
      <FileInfo>
        <Attr Name="UsedIn" Val="synthesis"/>
        <Attr Name="UsedIn" Val="simulation"/>
      </FileInfo>
    </File>
    <File Path="G:/CRP/CRP_twocamera/image_thresholding.vhd">
      <FileInfo>
        <Attr Name="UsedIn" Val="synthesis"/>
        <Attr Name="UsedIn" Val="simulation"/>
      </FileInfo>
    </File>
    <File Path="G:/CRP/CRP_twocamera/sync_mgr.vhd">
      <FileInfo>
        <Attr Name="UsedIn" Val="synthesis"/>
        <Attr Name="UsedIn" Val="simulation"/>
      </FileInfo>
    </File>
    <File Path="G:/CRP/CRP_twocamera/uartmgr.vhd">
      <FileInfo>
        <Attr Name="UsedIn" Val="synthesis"/>
        <Attr Name="UsedIn" Val="simulation"/>
      </FileInfo>
    </File>
    <File Path="G:/CRP/CRP_twocamera/uart_multiplexer.vhd">
      <FileInfo>
        <Attr Name="UsedIn" Val="synthesis"/>
        <Attr Name="UsedIn" Val="simulation"/>
      </FileInfo>
    </File>
    <File Path="G:/CRP/CRP_twocamera/camera_config_mgr.vhd">
      <FileInfo>
        <Attr Name="UsedIn" Val="synthesis"/>
        <Attr Name="UsedIn" Val="simulation"/>
      </FileInfo>
    </File>
    <File Path="G:/CRP/CRP_twocamera/fifo.vhd">
      <FileInfo>
        <Attr Name="UsedIn" Val="synthesis"/>
        <Attr Name="UsedIn" Val="simulation"/>
      </FileInfo>
    </File>
    <File Path="$PSRCDIR/sources_1/new/singlecam_reset_concat.vhd">
      <FileInfo>
        <Attr Name="UsedIn" Val="synthesis"/>
        <Attr Name="UsedIn" Val="simulation"/>
      </FileInfo>
    </File>
    <File Path="$PSRCDIR/sources_1/new/clk_div.vhd">
      <FileInfo>
        <Attr Name="UsedIn" Val="synthesis"/>
        <Attr Name="UsedIn" Val="simulation"/>
      </FileInfo>
    </File>
    <File Path="$PSRCDIR/sources_1/new/camera_pair_synchronizer.vhd">
      <FileInfo>
        <Attr Name="UsedIn" Val="synthesis"/>
        <Attr Name="UsedIn" Val="simulation"/>
      </FileInfo>
    </File>
    <File Path="$PSRCDIR/sources_1/new/command_splitter.vhd">
      <FileInfo>
        <Attr Name="UsedIn" Val="synthesis"/>
        <Attr Name="UsedIn" Val="simulation"/>
      </FileInfo>
    </File>
    <File Path="$PSRCDIR/sources_1/new/candDH_tx_combiner.vhd">
      <FileInfo>
        <Attr Name="UsedIn" Val="synthesis"/>
        <Attr Name="UsedIn" Val="simulation"/>
      </FileInfo>
    </File>
    <File Path="$PSRCDIR/sources_1/new/camera_constant_setter.vhd">
      <FileInfo>
        <Attr Name="UsedIn" Val="synthesis"/>
        <Attr Name="UsedIn" Val="simulation"/>
      </FileInfo>
    </File>
    <File Path="$PSRCDIR/sources_1/bd/crp_arck/crp_arck.bd">
      <FileInfo>
        <Attr Name="UsedIn" Val="synthesis"/>
        <Attr Name="UsedIn" Val="implementation"/>
        <Attr Name="UsedIn" Val="simulation"/>
      </FileInfo>
    </File>
    <File Path="$PSRCDIR/sources_1/bd/crp_arck/hdl/crp_arck_wrapper.v">
      <FileInfo>
        <Attr Name="UsedIn" Val="synthesis"/>
        <Attr Name="UsedIn" Val="implementation"/>
        <Attr Name="UsedIn" Val="simulation"/>
      </FileInfo>
    </File>
    <File Path="G:/CRP/CRP_twocamera/packet_sender.vhd">
      <FileInfo>
        <Attr Name="AutoDisabled" Val="1"/>
        <Attr Name="UsedIn" Val="synthesis"/>
        <Attr Name="UsedIn" Val="simulation"/>
      </FileInfo>
    </File>
    <File Path="G:/CRP/CRP_twocamera/camera_uart_splitter.vhd">
      <FileInfo>
        <Attr Name="AutoDisabled" Val="1"/>
        <Attr Name="UsedIn" Val="synthesis"/>
        <Attr Name="UsedIn" Val="simulation"/>
      </FileInfo>
    </File>
    <File Path="G:/CRP/CRP_twocamera/top.vhd">
      <FileInfo>
        <Attr Name="AutoDisabled" Val="1"/>
        <Attr Name="UsedIn" Val="synthesis"/>
        <Attr Name="UsedIn" Val="simulation"/>
      </FileInfo>
    </File>
    <File Path="G:/CRP/CRP_twocamera/camera_sim.vhd">
      <FileInfo>
        <Attr Name="AutoDisabled" Val="1"/>
        <Attr Name="UsedIn" Val="synthesis"/>
        <Attr Name="UsedIn" Val="simulation"/>
      </FileInfo>
    </File>
    <Config>
      <Option Name="DesignMode" Val="RTL"/>
      <Option Name="TopModule" Val="crp_arck_wrapper"/>
    </Config>
  </FileSet>
  <FileSet Name="constrs_in" Type="Constrs" RelSrcDir="$PSRCDIR/constrs_1">
    <Filter Type="Constrs"/>
    <File Path="G:/CRP/CRP_twocamera/constrs.xdc">
      <FileInfo>
        <Attr Name="UsedIn" Val="synthesis"/>
        <Attr Name="UsedIn" Val="implementation"/>
      </FileInfo>
    </File>
    <Config>
      <Option Name="ConstrsType" Val="XDC"/>
    </Config>
  </FileSet>
  <FileSet Name="utils" Type="Utils" RelSrcDir="$PSRCDIR/utils_1">
    <Filter Type="Utils"/>
    <Config>
      <Option Name="TopAutoSet" Val="TRUE"/>
    </Config>
  </FileSet>
  <Strategy Version="1" Minor="2">
    <StratHandle Name="Vivado Synthesis Defaults" Flow="Vivado Synthesis 2020"/>
    <Step Id="synth_design"/>
  </Strategy>
  <BlockFileSet Type="BlockSrcs" Name="crp_arck_camera_config_mgr_0_0"/>
  <BlockFileSet Type="BlockSrcs" Name="crp_arck_uart_multiplexer_0_1"/>
  <BlockFileSet Type="BlockSrcs" Name="crp_arck_candDH_tx_combiner_0_0"/>
  <BlockFileSet Type="BlockSrcs" Name="crp_arck_camera_pair_synchron_0_0"/>
  <BlockFileSet Type="BlockSrcs" Name="crp_arck_image_thresholding_0_0"/>
  <BlockFileSet Type="BlockSrcs" Name="crp_arck_command_splitter_0_0"/>
  <BlockFileSet Type="BlockSrcs" Name="crp_arck_camera_constant_sett_0_0"/>
  <BlockFileSet Type="BlockSrcs" Name="crp_arck_image_capture_0_1"/>
  <BlockFileSet Type="BlockSrcs" Name="crp_arck_image_capture_0_0"/>
  <BlockFileSet Type="BlockSrcs" Name="crp_arck_singlecam_reset_conc_0_1"/>
  <BlockFileSet Type="BlockSrcs" Name="crp_arck_singlecam_reset_conc_0_0"/>
  <BlockFileSet Type="BlockSrcs" Name="crp_arck_uart_multiplexer_0_0"/>
  <BlockFileSet Type="BlockSrcs" Name="crp_arck_fifo_0_0"/>
  <BlockFileSet Type="BlockSrcs" Name="crp_arck_fifo_0_1"/>
  <BlockFileSet Type="BlockSrcs" Name="crp_arck_camera_config_mgr_0_1"/>
  <BlockFileSet Type="BlockSrcs" Name="crp_arck_cAndDH_0_0"/>
  <BlockFileSet Type="BlockSrcs" Name="crp_arck_camera_uart_0_0"/>
  <BlockFileSet Type="BlockSrcs" Name="crp_arck_uartmgr_0_0"/>
  <BlockFileSet Type="BlockSrcs" Name="crp_arck_uartmgr_1_0"/>
  <BlockFileSet Type="BlockSrcs" Name="crp_arck_image_thresholding_0_1"/>
  <BlockFileSet Type="BlockSrcs" Name="crp_arck_sync_mgr_1_1"/>
  <BlockFileSet Type="BlockSrcs" Name="crp_arck_sync_mgr_1_0"/>
  <BlockFileSet Type="BlockSrcs" Name="crp_arck_cAndDH_0_1"/>
  <BlockFileSet Type="BlockSrcs" Name="crp_arck_clk_div_0_0"/>
</GenRun>
