<?xml version="1.0" encoding="UTF-8"?>
<GenRun Id="crp_arck_image_thresholding_0_1_synth_1" LaunchPart="xc7a35tcpg236-1" LaunchTime="1615933037">
  <File Type="PA-TCL" Name="crp_arck_image_thresholding_0_1.tcl"/>
  <File Type="RDS-PROPCONSTRS" Name="crp_arck_image_thresholding_0_1_drc_synth.rpt"/>
  <File Type="REPORTS-TCL" Name="crp_arck_image_thresholding_0_1_reports.tcl"/>
  <File Type="RDS-RDS" Name="crp_arck_image_thresholding_0_1.vds"/>
  <File Type="RDS-UTIL" Name="crp_arck_image_thresholding_0_1_utilization_synth.rpt"/>
  <File Type="RDS-UTIL-PB" Name="crp_arck_image_thresholding_0_1_utilization_synth.pb"/>
  <File Type="RDS-DCP" Name="crp_arck_image_thresholding_0_1.dcp"/>
  <File Type="VDS-TIMINGSUMMARY" Name="crp_arck_image_thresholding_0_1_timing_summary_synth.rpt"/>
  <File Type="VDS-TIMING-PB" Name="crp_arck_image_thresholding_0_1_timing_summary_synth.pb"/>
  <FileSet Name="sources" Type="BlockSrcs" RelSrcDir="$PSRCDIR/crp_arck_image_thresholding_0_1">
    <File Path="$PSRCDIR/sources_1/bd/crp_arck/ip/crp_arck_image_thresholding_0_1/crp_arck_image_thresholding_0_1.xci">
      <FileInfo>
        <Attr Name="Library" Val="xil_defaultlib"/>
        <Attr Name="UsedIn" Val="synthesis"/>
        <Attr Name="UsedIn" Val="implementation"/>
        <Attr Name="UsedIn" Val="simulation"/>
        <Attr Name="ProcessingOrder" Val="EARLY"/>
      </FileInfo>
    </File>
    <Config>
      <Option Name="TopModule" Val="crp_arck_image_thresholding_0_1"/>
      <Option Name="UseBlackboxStub" Val="1"/>
    </Config>
  </FileSet>
  <FileSet Name="constrs_in" Type="BlockSrcs" RelSrcDir="$PSRCDIR/crp_arck_image_thresholding_0_1">
    <File Path="$PSRCDIR/sources_1/bd/crp_arck/ip/crp_arck_image_thresholding_0_1/crp_arck_image_thresholding_0_1.xci">
      <FileInfo>
        <Attr Name="Library" Val="xil_defaultlib"/>
        <Attr Name="UsedIn" Val="synthesis"/>
        <Attr Name="UsedIn" Val="implementation"/>
        <Attr Name="UsedIn" Val="simulation"/>
        <Attr Name="ProcessingOrder" Val="EARLY"/>
      </FileInfo>
    </File>
    <Config>
      <Option Name="TopModule" Val="crp_arck_image_thresholding_0_1"/>
      <Option Name="UseBlackboxStub" Val="1"/>
    </Config>
  </FileSet>
  <FileSet Name="utils" Type="Utils" RelSrcDir="$PSRCDIR/utils_1">
    <Filter Type="Utils"/>
    <Config>
      <Option Name="TopAutoSet" Val="TRUE"/>
    </Config>
  </FileSet>
  <Strategy Version="1" Minor="2">
    <StratHandle Name="Vivado Synthesis Defaults" Flow="Vivado Synthesis 2020">
      <Desc>Vivado Synthesis Defaults</Desc>
    </StratHandle>
    <Step Id="synth_design"/>
  </Strategy>
</GenRun>
